<?xml version="1.0" encoding="UTF-8"?>
<config xmlns="http://www.knime.org/2008/09/XMLConfig" xmlns:xsi="http://www.w3.org/2001/XMLSchema-instance" xsi:schemaLocation="http://www.knime.org/2008/09/XMLConfig http://www.knime.org/XMLConfig_2008_09.xsd" key="model.xml">
<entry key="version" type="xint" value="1"/>
<entry key="class_name" type="xstring" value="org.knime.ext.textprocessing.data.DocumentVectorPortObjectSpec"/>
<config key="model">
<entry key="ignoreTags" type="xboolean" value="true"/>
<entry key="bitVector" type="xboolean" value="true"/>
<entry key="vectorValue" type="xstring" value="TF rel"/>
<entry key="asCollectionCell" type="xboolean" value="false"/>
<config key="featureSpaceColumns">
<entry key="array-size" type="xint" value="782"/>
<entry key="0" type="xstring" value="excel"/>
<entry key="1" type="xstring" value="cabin"/>
<entry key="2" type="xstring" value="crew"/>
<entry key="3" type="xstring" value="august"/>
<entry key="4" type="xstring" value="friend"/>
<entry key="5" type="xstring" value="warm"/>
<entry key="6" type="xstring" value="flight"/>
<entry key="7" type="xstring" value="cold"/>
<entry key="8" type="xstring" value="sandwich"/>
<entry key="9" type="xstring" value="plus"/>
<entry key="10" type="xstring" value="chees"/>
<entry key="11" type="xstring" value="hour"/>
<entry key="12" type="xstring" value="portion"/>
<entry key="13" type="xstring" value="drink"/>
<entry key="14" type="xstring" value="select"/>
<entry key="15" type="xstring" value="impress"/>
<entry key="16" type="xstring" value="toilet"/>
<entry key="17" type="xstring" value="condit"/>
<entry key="18" type="xstring" value="airbus"/>
<entry key="19" type="xstring" value="a320"/>
<entry key="20" type="xstring" value="even"/>
<entry key="21" type="xstring" value="departur"/>
<entry key="22" type="xstring" value="istanbul"/>
<entry key="23" type="xstring" value="clean"/>
<entry key="24" type="xstring" value="a319"/>
<entry key="25" type="xstring" value="light"/>
<entry key="26" type="xstring" value="load"/>
<entry key="27" type="xstring" value="especi"/>
<entry key="28" type="xstring" value="time"/>
<entry key="29" type="xstring" value="walk"/>
<entry key="30" type="xstring" value="talk"/>
<entry key="31" type="xstring" value="passeng"/>
<entry key="32" type="xstring" value="offer"/>
<entry key="33" type="xstring" value="pillow"/>
<entry key="34" type="xstring" value="blanket"/>
<entry key="35" type="xstring" value="appreci"/>
<entry key="36" type="xstring" value="refresh"/>
<entry key="37" type="xstring" value="beverag"/>
<entry key="38" type="xstring" value="minut"/>
<entry key="39" type="xstring" value="earlier"/>
<entry key="40" type="xstring" value="land"/>
<entry key="41" type="xstring" value="relax"/>
<entry key="42" type="xstring" value="hope"/>
<entry key="43" type="xstring" value="fli"/>
<entry key="44" type="xstring" value="destin"/>
<entry key="45" type="xstring" value="futur"/>
<entry key="46" type="xstring" value="love"/>
<entry key="47" type="xstring" value="comfort"/>
<entry key="48" type="xstring" value="seat"/>
<entry key="49" type="xstring" value="cramp"/>
<entry key="50" type="xstring" value="effici"/>
<entry key="51" type="xstring" value="announc"/>
<entry key="52" type="xstring" value="pretti"/>
<entry key="53" type="xstring" value="english"/>
<entry key="54" type="xstring" value="water"/>
<entry key="55" type="xstring" value="bottl"/>
<entry key="56" type="xstring" value="short"/>
<entry key="57" type="xstring" value="coffe"/>
<entry key="58" type="xstring" value="aircraft"/>
<entry key="59" type="xstring" value="depart"/>
<entry key="60" type="xstring" value="board"/>
<entry key="61" type="xstring" value="captain"/>
<entry key="62" type="xstring" value="kept"/>
<entry key="63" type="xstring" value="updat"/>
<entry key="64" type="xstring" value="ife"/>
<entry key="65" type="xstring" value="cours"/>
<entry key="66" type="xstring" value="bag"/>
<entry key="67" type="xstring" value="arriv"/>
<entry key="68" type="xstring" value="quick"/>
<entry key="69" type="xstring" value="nice"/>
<entry key="70" type="xstring" value="prioriti"/>
<entry key="71" type="xstring" value="pass"/>
<entry key="72" type="xstring" value="loung"/>
<entry key="73" type="xstring" value="airport"/>
<entry key="74" type="xstring" value="connect"/>
<entry key="75" type="xstring" value="high"/>
<entry key="76" type="xstring" value="recommend"/>
<entry key="77" type="xstring" value="littl"/>
<entry key="78" type="xstring" value="region"/>
<entry key="79" type="xstring" value="airlin"/>
<entry key="80" type="xstring" value="travel"/>
<entry key="81" type="xstring" value="via"/>
<entry key="82" type="xstring" value="disappoint"/>
<entry key="83" type="xstring" value="onlin"/>
<entry key="84" type="xstring" value="check-in"/>
<entry key="85" type="xstring" value="alloc"/>
<entry key="86" type="xstring" value="chang"/>
<entry key="87" type="xstring" value="system"/>
<entry key="88" type="xstring" value="nt"/>
<entry key="89" type="xstring" value="allow"/>
<entry key="90" type="xstring" value="ladi"/>
<entry key="91" type="xstring" value="desk"/>
<entry key="92" type="xstring" value="day"/>
<entry key="93" type="xstring" value="hard"/>
<entry key="94" type="xstring" value="print"/>
<entry key="95" type="xstring" value="decid"/>
<entry key="96" type="xstring" value="gate"/>
<entry key="97" type="xstring" value="oper"/>
<entry key="98" type="xstring" value="tea"/>
<entry key="99" type="xstring" value="serv"/>
<entry key="100" type="xstring" value="domest"/>
<entry key="101" type="xstring" value="transfer"/>
<entry key="102" type="xstring" value="sent"/>
<entry key="103" type="xstring" value="meant"/>
<entry key="104" type="xstring" value="secur"/>
<entry key="105" type="xstring" value="screen"/>
<entry key="106" type="xstring" value="insid"/>
<entry key="107" type="xstring" value="sector"/>
<entry key="108" type="xstring" value="delay"/>
<entry key="109" type="xstring" value="busi"/>
<entry key="110" type="xstring" value="class"/>
<entry key="111" type="xstring" value="outsid"/>
<entry key="112" type="xstring" value="reach"/>
<entry key="113" type="xstring" value="soon"/>
<entry key="114" type="xstring" value="sit"/>
<entry key="115" type="xstring" value="ground"/>
<entry key="116" type="xstring" value="run"/>
<entry key="117" type="xstring" value="avail"/>
<entry key="118" type="xstring" value="luggag"/>
<entry key="119" type="xstring" value="-"/>
<entry key="120" type="xstring" value="abl"/>
<entry key="121" type="xstring" value="buy"/>
<entry key="122" type="xstring" value="return"/>
<entry key="123" type="xstring" value="individu"/>
<entry key="124" type="xstring" value="plastic"/>
<entry key="125" type="xstring" value="glass"/>
<entry key="126" type="xstring" value="pleasant"/>
<entry key="127" type="xstring" value="snack"/>
<entry key="128" type="xstring" value="tasti"/>
<entry key="129" type="xstring" value="demand"/>
<entry key="130" type="xstring" value="contact"/>
<entry key="131" type="xstring" value="normal"/>
<entry key="132" type="xstring" value="economi"/>
<entry key="133" type="xstring" value="one"/>
<entry key="134" type="xstring" value="bit"/>
<entry key="135" type="xstring" value="confus"/>
<entry key="136" type="xstring" value="direct"/>
<entry key="137" type="xstring" value="follow"/>
<entry key="138" type="xstring" value="sign"/>
<entry key="139" type="xstring" value="coupl"/>
<entry key="140" type="xstring" value="leg"/>
<entry key="141" type="xstring" value="duti"/>
<entry key="142" type="xstring" value="free"/>
<entry key="143" type="xstring" value="sell"/>
<entry key="144" type="xstring" value="alcohol"/>
<entry key="145" type="xstring" value="special"/>
<entry key="146" type="xstring" value="in-flight"/>
<entry key="147" type="xstring" value="carri"/>
<entry key="148" type="xstring" value="expect"/>
<entry key="149" type="xstring" value="eat"/>
<entry key="150" type="xstring" value="own"/>
<entry key="151" type="xstring" value="meal"/>
<entry key="152" type="xstring" value="expens"/>
<entry key="153" type="xstring" value="pay"/>
<entry key="154" type="xstring" value="amen"/>
<entry key="155" type="xstring" value="kit"/>
<entry key="156" type="xstring" value="bother"/>
<entry key="157" type="xstring" value="feel"/>
<entry key="158" type="xstring" value="tight"/>
<entry key="159" type="xstring" value="result"/>
<entry key="160" type="xstring" value="forward"/>
<entry key="161" type="xstring" value="entertain"/>
<entry key="162" type="xstring" value="rest"/>
<entry key="163" type="xstring" value="posit"/>
<entry key="164" type="xstring" value="servic"/>
<entry key="165" type="xstring" value="basic"/>
<entry key="166" type="xstring" value="understand"/>
<entry key="167" type="xstring" value="dirti"/>
<entry key="168" type="xstring" value="reclin"/>
<entry key="169" type="xstring" value="paid"/>
<entry key="170" type="xstring" value="row"/>
<entry key="171" type="xstring" value="space"/>
<entry key="172" type="xstring" value="flown"/>
<entry key="173" type="xstring" value="wifi"/>
<entry key="174" type="xstring" value="staff"/>
<entry key="175" type="xstring" value="unfriend"/>
<entry key="176" type="xstring" value="section"/>
<entry key="177" type="xstring" value="weather"/>
<entry key="178" type="xstring" value="cup"/>
<entry key="179" type="xstring" value="food"/>
<entry key="180" type="xstring" value="bus"/>
<entry key="181" type="xstring" value="airplan"/>
<entry key="182" type="xstring" value="a321"/>
<entry key="183" type="xstring" value="ok"/>
<entry key="184" type="xstring" value="price"/>
<entry key="185" type="xstring" value="schedul"/>
<entry key="186" type="xstring" value="inform"/>
<entry key="187" type="xstring" value="plane"/>
<entry key="188" type="xstring" value="person"/>
<entry key="189" type="xstring" value="spoke"/>
<entry key="190" type="xstring" value="movi"/>
<entry key="191" type="xstring" value="drop"/>
<entry key="192" type="xstring" value="varieti"/>
<entry key="193" type="xstring" value="tv"/>
<entry key="194" type="xstring" value="game"/>
<entry key="195" type="xstring" value="plenti"/>
<entry key="196" type="xstring" value="ac"/>
<entry key="197" type="xstring" value="bad"/>
<entry key="198" type="xstring" value="attend"/>
<entry key="199" type="xstring" value="differ"/>
<entry key="200" type="xstring" value="help"/>
<entry key="201" type="xstring" value="round"/>
<entry key="202" type="xstring" value="trip"/>
<entry key="203" type="xstring" value="polit"/>
<entry key="204" type="xstring" value="check"/>
<entry key="205" type="xstring" value="request"/>
<entry key="206" type="xstring" value="receiv"/>
<entry key="207" type="xstring" value="limit"/>
<entry key="208" type="xstring" value="wish"/>
<entry key="209" type="xstring" value="experi"/>
<entry key="210" type="xstring" value="spacious"/>
<entry key="211" type="xstring" value="choic"/>
<entry key="212" type="xstring" value="chicken"/>
<entry key="213" type="xstring" value="profession"/>
<entry key="214" type="xstring" value="morn"/>
<entry key="215" type="xstring" value="book"/>
<entry key="216" type="xstring" value="breakfast"/>
<entry key="217" type="xstring" value="start"/>
<entry key="218" type="xstring" value="beij"/>
<entry key="219" type="xstring" value="hot"/>
<entry key="220" type="xstring" value="pleas"/>
<entry key="221" type="xstring" value="complimentari"/>
<entry key="222" type="xstring" value="wait"/>
<entry key="223" type="xstring" value="deliv"/>
<entry key="224" type="xstring" value="look"/>
<entry key="225" type="xstring" value="head"/>
<entry key="226" type="xstring" value="wine"/>
<entry key="227" type="xstring" value="bar"/>
<entry key="228" type="xstring" value="actual"/>
<entry key="229" type="xstring" value="complet"/>
<entry key="230" type="xstring" value="ticket"/>
<entry key="231" type="xstring" value="cost"/>
<entry key="232" type="xstring" value="compar"/>
<entry key="233" type="xstring" value="worth"/>
<entry key="234" type="xstring" value="assign"/>
<entry key="235" type="xstring" value="uncomfort"/>
<entry key="236" type="xstring" value="tini"/>
<entry key="237" type="xstring" value="tast"/>
<entry key="238" type="xstring" value="due"/>
<entry key="239" type="xstring" value="control"/>
<entry key="240" type="xstring" value="complain"/>
<entry key="241" type="xstring" value="tray"/>
<entry key="242" type="xstring" value="name"/>
<entry key="243" type="xstring" value="live"/>
<entry key="244" type="xstring" value="conveni"/>
<entry key="245" type="xstring" value="use"/>
<entry key="246" type="xstring" value="a330"/>
<entry key="247" type="xstring" value="complaint"/>
<entry key="248" type="xstring" value="adequ"/>
<entry key="249" type="xstring" value="lunch"/>
<entry key="250" type="xstring" value="notic"/>
<entry key="251" type="xstring" value="peopl"/>
<entry key="252" type="xstring" value="galley"/>
<entry key="253" type="xstring" value="provid"/>
<entry key="254" type="xstring" value="hotel"/>
<entry key="255" type="xstring" value="leather"/>
<entry key="256" type="xstring" value="juic"/>
<entry key="257" type="xstring" value="consist"/>
<entry key="258" type="xstring" value="piec"/>
<entry key="259" type="xstring" value="european"/>
<entry key="260" type="xstring" value="dinner"/>
<entry key="261" type="xstring" value="aw"/>
<entry key="262" type="xstring" value="late"/>
<entry key="263" type="xstring" value="fine"/>
<entry key="264" type="xstring" value="configur"/>
<entry key="265" type="xstring" value="narrow"/>
<entry key="266" type="xstring" value="pitch"/>
<entry key="267" type="xstring" value="probabl"/>
<entry key="268" type="xstring" value="custom"/>
<entry key="269" type="xstring" value="type"/>
<entry key="270" type="xstring" value="min"/>
<entry key="271" type="xstring" value="appear"/>
<entry key="272" type="xstring" value="includ"/>
<entry key="273" type="xstring" value="baggag"/>
<entry key="274" type="xstring" value="soft"/>
<entry key="275" type="xstring" value="cheaper"/>
<entry key="276" type="xstring" value="lower"/>
<entry key="277" type="xstring" value="standard"/>
<entry key="278" type="xstring" value="fault"/>
<entry key="279" type="xstring" value="surpris"/>
<entry key="280" type="xstring" value="rout"/>
<entry key="281" type="xstring" value="continu"/>
<entry key="282" type="xstring" value="empti"/>
<entry key="283" type="xstring" value="safe"/>
<entry key="284" type="xstring" value="overal"/>
<entry key="285" type="xstring" value="delici"/>
<entry key="286" type="xstring" value="option"/>
<entry key="287" type="xstring" value="els"/>
<entry key="288" type="xstring" value="item"/>
<entry key="289" type="xstring" value="reason"/>
<entry key="290" type="xstring" value="speak"/>
<entry key="291" type="xstring" value="perfect"/>
<entry key="292" type="xstring" value="termin"/>
<entry key="293" type="xstring" value="modern"/>
<entry key="294" type="xstring" value="fast"/>
<entry key="295" type="xstring" value="month"/>
<entry key="296" type="xstring" value="regard"/>
<entry key="297" type="xstring" value="care"/>
<entry key="298" type="xstring" value="come"/>
<entry key="299" type="xstring" value="improv"/>
<entry key="300" type="xstring" value="outbound"/>
<entry key="301" type="xstring" value="hrs"/>
<entry key="302" type="xstring" value="explain"/>
<entry key="303" type="xstring" value="obvious"/>
<entry key="304" type="xstring" value="tire"/>
<entry key="305" type="xstring" value="ignor"/>
<entry key="306" type="xstring" value="flew"/>
<entry key="307" type="xstring" value="overhead"/>
<entry key="308" type="xstring" value="hr"/>
<entry key="309" type="xstring" value="slow"/>
<entry key="310" type="xstring" value="pick"/>
<entry key="311" type="xstring" value="hold"/>
<entry key="312" type="xstring" value="london"/>
<entry key="313" type="xstring" value="attent"/>
<entry key="314" type="xstring" value="arrang"/>
<entry key="315" type="xstring" value="sat"/>
<entry key="316" type="xstring" value="window"/>
<entry key="317" type="xstring" value="otherwis"/>
<entry key="318" type="xstring" value="slight"/>
<entry key="319" type="xstring" value="generous"/>
<entry key="320" type="xstring" value="maintain"/>
<entry key="321" type="xstring" value="enjoy"/>
<entry key="322" type="xstring" value="air"/>
<entry key="323" type="xstring" value="finish"/>
<entry key="324" type="xstring" value="job"/>
<entry key="325" type="xstring" value="qualiti"/>
<entry key="326" type="xstring" value="situat"/>
<entry key="327" type="xstring" value="worn"/>
<entry key="328" type="xstring" value="compani"/>
<entry key="329" type="xstring" value="cheap"/>
<entry key="330" type="xstring" value="take"/>
<entry key="331" type="xstring" value="tall"/>
<entry key="332" type="xstring" value="amsterdam"/>
<entry key="333" type="xstring" value="bangkok"/>
<entry key="334" type="xstring" value="found"/>
<entry key="335" type="xstring" value="eventu"/>
<entry key="336" type="xstring" value="manag"/>
<entry key="337" type="xstring" value="chaotic"/>
<entry key="338" type="xstring" value="age"/>
<entry key="339" type="xstring" value="qatar"/>
<entry key="340" type="xstring" value="avod"/>
<entry key="341" type="xstring" value="definit"/>
<entry key="342" type="xstring" value="extrem"/>
<entry key="343" type="xstring" value="welcom"/>
<entry key="344" type="xstring" value="consid"/>
<entry key="345" type="xstring" value="klm"/>
<entry key="346" type="xstring" value="ad"/>
<entry key="347" type="xstring" value="cdg"/>
<entry key="348" type="xstring" value="manchest"/>
<entry key="349" type="xstring" value="attitud"/>
<entry key="350" type="xstring" value="despit"/>
<entry key="351" type="xstring" value="broken"/>
<entry key="352" type="xstring" value="premium"/>
<entry key="353" type="xstring" value="near"/>
<entry key="354" type="xstring" value="immedi"/>
<entry key="355" type="xstring" value="franc"/>
<entry key="356" type="xstring" value="pilot"/>
<entry key="357" type="xstring" value="previous"/>
<entry key="358" type="xstring" value="cancel"/>
<entry key="359" type="xstring" value="front"/>
<entry key="360" type="xstring" value="share"/>
<entry key="361" type="xstring" value="accept"/>
<entry key="362" type="xstring" value="legroom"/>
<entry key="363" type="xstring" value="airway"/>
<entry key="364" type="xstring" value="low"/>
<entry key="365" type="xstring" value="world"/>
<entry key="366" type="xstring" value="lack"/>
<entry key="367" type="xstring" value="rang"/>
<entry key="368" type="xstring" value="outstand"/>
<entry key="369" type="xstring" value="outward"/>
<entry key="370" type="xstring" value="journey"/>
<entry key="371" type="xstring" value="ca"/>
<entry key="372" type="xstring" value="pari"/>
<entry key="373" type="xstring" value="film"/>
<entry key="374" type="xstring" value="headphon"/>
<entry key="375" type="xstring" value="pack"/>
<entry key="376" type="xstring" value="product"/>
<entry key="377" type="xstring" value="money"/>
<entry key="378" type="xstring" value="stand"/>
<entry key="379" type="xstring" value="frankfurt"/>
<entry key="380" type="xstring" value="taxi"/>
<entry key="381" type="xstring" value="onboard"/>
<entry key="382" type="xstring" value="smooth"/>
<entry key="383" type="xstring" value="vancouv"/>
<entry key="384" type="xstring" value="terribl"/>
<entry key="385" type="xstring" value="poor"/>
<entry key="386" type="xstring" value="dreamlin"/>
<entry key="387" type="xstring" value="advanc"/>
<entry key="388" type="xstring" value="forc"/>
<entry key="389" type="xstring" value="apart"/>
<entry key="390" type="xstring" value="relat"/>
<entry key="391" type="xstring" value="gatwick"/>
<entry key="392" type="xstring" value="left"/>
<entry key="393" type="xstring" value="april"/>
<entry key="394" type="xstring" value="club"/>
<entry key="395" type="xstring" value="extra"/>
<entry key="396" type="xstring" value="am"/>
<entry key="397" type="xstring" value="usual"/>
<entry key="398" type="xstring" value="appar"/>
<entry key="399" type="xstring" value="idea"/>
<entry key="400" type="xstring" value="touch"/>
<entry key="401" type="xstring" value="access"/>
<entry key="402" type="xstring" value="stop"/>
<entry key="403" type="xstring" value="menu"/>
<entry key="404" type="xstring" value="choos"/>
<entry key="405" type="xstring" value="total"/>
<entry key="406" type="xstring" value="watch"/>
<entry key="407" type="xstring" value="whilst"/>
<entry key="408" type="xstring" value="suggest"/>
<entry key="409" type="xstring" value="happen"/>
<entry key="410" type="xstring" value="okay"/>
<entry key="411" type="xstring" value="smile"/>
<entry key="412" type="xstring" value="equip"/>
<entry key="413" type="xstring" value="past"/>
<entry key="414" type="xstring" value="hong"/>
<entry key="415" type="xstring" value="kong"/>
<entry key="416" type="xstring" value="week"/>
<entry key="417" type="xstring" value="pacif"/>
<entry key="418" type="xstring" value="close"/>
<entry key="419" type="xstring" value="wrong"/>
<entry key="420" type="xstring" value="call"/>
<entry key="421" type="xstring" value="spent"/>
<entry key="422" type="xstring" value="tri"/>
<entry key="423" type="xstring" value="tell"/>
<entry key="424" type="xstring" value="email"/>
<entry key="425" type="xstring" value="believ"/>
<entry key="426" type="xstring" value="re"/>
<entry key="427" type="xstring" value="troubl"/>
<entry key="428" type="xstring" value="lot"/>
<entry key="429" type="xstring" value="readi"/>
<entry key="430" type="xstring" value="greet"/>
<entry key="431" type="xstring" value="tarmac"/>
<entry key="432" type="xstring" value="hand"/>
<entry key="433" type="xstring" value="octob"/>
<entry key="434" type="xstring" value="satisfi"/>
<entry key="435" type="xstring" value="chanc"/>
<entry key="436" type="xstring" value="miss"/>
<entry key="437" type="xstring" value="toronto"/>
<entry key="438" type="xstring" value="read"/>
<entry key="439" type="xstring" value="review"/>
<entry key="440" type="xstring" value="queue"/>
<entry key="441" type="xstring" value="rude"/>
<entry key="442" type="xstring" value="inflight"/>
<entry key="443" type="xstring" value="charg"/>
<entry key="444" type="xstring" value="valu"/>
<entry key="445" type="xstring" value="wonder"/>
<entry key="446" type="xstring" value="brand"/>
<entry key="447" type="xstring" value="wors"/>
<entry key="448" type="xstring" value="fruit"/>
<entry key="449" type="xstring" value="box"/>
<entry key="450" type="xstring" value="magazin"/>
<entry key="451" type="xstring" value="agent"/>
<entry key="452" type="xstring" value="met"/>
<entry key="453" type="xstring" value="ahead"/>
<entry key="454" type="xstring" value="belt"/>
<entry key="455" type="xstring" value="immigr"/>
<entry key="456" type="xstring" value="famili"/>
<entry key="457" type="xstring" value="deal"/>
<entry key="458" type="xstring" value="frequent"/>
<entry key="459" type="xstring" value="home"/>
<entry key="460" type="xstring" value="base"/>
<entry key="461" type="xstring" value="remain"/>
<entry key="462" type="xstring" value="websit"/>
<entry key="463" type="xstring" value="purchas"/>
<entry key="464" type="xstring" value="star"/>
<entry key="465" type="xstring" value="worst"/>
<entry key="466" type="xstring" value="ined"/>
<entry key="467" type="xstring" value="bring"/>
<entry key="468" type="xstring" value="emerg"/>
<entry key="469" type="xstring" value="style"/>
<entry key="470" type="xstring" value="communic"/>
<entry key="471" type="xstring" value="singl"/>
<entry key="472" type="xstring" value="fair"/>
<entry key="473" type="xstring" value="rate"/>
<entry key="474" type="xstring" value="carrier"/>
<entry key="475" type="xstring" value="night"/>
<entry key="476" type="xstring" value="bought"/>
<entry key="477" type="xstring" value="recent"/>
<entry key="478" type="xstring" value="ryanair"/>
<entry key="479" type="xstring" value="accommod"/>
<entry key="480" type="xstring" value="leav"/>
<entry key="481" type="xstring" value="move"/>
<entry key="482" type="xstring" value="bread"/>
<entry key="483" type="xstring" value="mile"/>
<entry key="484" type="xstring" value="unabl"/>
<entry key="485" type="xstring" value="superb"/>
<entry key="486" type="xstring" value="simpl"/>
<entry key="487" type="xstring" value="hesit"/>
<entry key="488" type="xstring" value="ago"/>
<entry key="489" type="xstring" value="easi"/>
<entry key="490" type="xstring" value="exist"/>
<entry key="491" type="xstring" value="design"/>
<entry key="492" type="xstring" value="happi"/>
<entry key="493" type="xstring" value="intern"/>
<entry key="494" type="xstring" value="except"/>
<entry key="495" type="xstring" value="handl"/>
<entry key="496" type="xstring" value="cater"/>
<entry key="497" type="xstring" value="lufthansa"/>
<entry key="498" type="xstring" value="citi"/>
<entry key="499" type="xstring" value="line"/>
<entry key="500" type="xstring" value="term"/>
<entry key="501" type="xstring" value="crowd"/>
<entry key="502" type="xstring" value="disembark"/>
<entry key="503" type="xstring" value="add"/>
<entry key="504" type="xstring" value="a380"/>
<entry key="505" type="xstring" value="averag"/>
<entry key="506" type="xstring" value="initi"/>
<entry key="507" type="xstring" value="children"/>
<entry key="508" type="xstring" value="door"/>
<entry key="509" type="xstring" value="annoy"/>
<entry key="510" type="xstring" value="absolut"/>
<entry key="511" type="xstring" value="ll"/>
<entry key="512" type="xstring" value="spend"/>
<entry key="513" type="xstring" value="process"/>
<entry key="514" type="xstring" value="twice"/>
<entry key="515" type="xstring" value="avoid"/>
<entry key="516" type="xstring" value="exit"/>
<entry key="517" type="xstring" value="carry-on"/>
<entry key="518" type="xstring" value="major"/>
<entry key="519" type="xstring" value="prefer"/>
<entry key="520" type="xstring" value="issu"/>
<entry key="521" type="xstring" value="negat"/>
<entry key="522" type="xstring" value="polici"/>
<entry key="523" type="xstring" value="final"/>
<entry key="524" type="xstring" value="boe"/>
<entry key="525" type="xstring" value="level"/>
<entry key="526" type="xstring" value="ve"/>
<entry key="527" type="xstring" value="caus"/>
<entry key="528" type="xstring" value="told"/>
<entry key="529" type="xstring" value="below"/>
<entry key="530" type="xstring" value="real"/>
<entry key="531" type="xstring" value="matter"/>
<entry key="532" type="xstring" value="somewhat"/>
<entry key="533" type="xstring" value="lost"/>
<entry key="534" type="xstring" value="interior"/>
<entry key="535" type="xstring" value="europ"/>
<entry key="536" type="xstring" value="etc"/>
<entry key="537" type="xstring" value="allianc"/>
<entry key="538" type="xstring" value="fantast"/>
<entry key="539" type="xstring" value="emir"/>
<entry key="540" type="xstring" value="difficult"/>
<entry key="541" type="xstring" value="upgrad"/>
<entry key="542" type="xstring" value="counter"/>
<entry key="543" type="xstring" value="comment"/>
<entry key="544" type="xstring" value="proper"/>
<entry key="545" type="xstring" value="china"/>
<entry key="546" type="xstring" value="particular"/>
<entry key="547" type="xstring" value="seen"/>
<entry key="548" type="xstring" value="mind"/>
<entry key="549" type="xstring" value="jet"/>
<entry key="550" type="xstring" value="view"/>
<entry key="551" type="xstring" value="reserv"/>
<entry key="552" type="xstring" value="deck"/>
<entry key="553" type="xstring" value="train"/>
<entry key="554" type="xstring" value="get"/>
<entry key="555" type="xstring" value="apolog"/>
<entry key="556" type="xstring" value="size"/>
<entry key="557" type="xstring" value="collect"/>
<entry key="558" type="xstring" value="lhr"/>
<entry key="559" type="xstring" value="aisl"/>
<entry key="560" type="xstring" value="rear"/>
<entry key="561" type="xstring" value="imposs"/>
<entry key="562" type="xstring" value="dread"/>
<entry key="563" type="xstring" value="knee"/>
<entry key="564" type="xstring" value="nor"/>
<entry key="565" type="xstring" value="fare"/>
<entry key="566" type="xstring" value="melbourn"/>
<entry key="567" type="xstring" value="wife"/>
<entry key="568" type="xstring" value="separ"/>
<entry key="569" type="xstring" value="technic"/>
<entry key="570" type="xstring" value="sort"/>
<entry key="571" type="xstring" value="respons"/>
<entry key="572" type="xstring" value="main"/>
<entry key="573" type="xstring" value="card"/>
<entry key="574" type="xstring" value="fill"/>
<entry key="575" type="xstring" value="roll"/>
<entry key="576" type="xstring" value="fas"/>
<entry key="577" type="xstring" value="similar"/>
<entry key="578" type="xstring" value="claim"/>
<entry key="579" type="xstring" value="top"/>
<entry key="580" type="xstring" value="sleep"/>
<entry key="581" type="xstring" value="occas"/>
<entry key="582" type="xstring" value="middl"/>
<entry key="583" type="xstring" value="quiet"/>
<entry key="584" type="xstring" value="januari"/>
<entry key="585" type="xstring" value="note"/>
<entry key="586" type="xstring" value="explan"/>
<entry key="587" type="xstring" value="refus"/>
<entry key="588" type="xstring" value="stay"/>
<entry key="589" type="xstring" value="cook"/>
<entry key="590" type="xstring" value="ipad"/>
<entry key="591" type="xstring" value="replac"/>
<entry key="592" type="xstring" value="cut"/>
<entry key="593" type="xstring" value="haul"/>
<entry key="594" type="xstring" value="singapor"/>
<entry key="595" type="xstring" value="stewardess"/>
<entry key="596" type="xstring" value="courteous"/>
<entry key="597" type="xstring" value="instead"/>
<entry key="598" type="xstring" value="wide"/>
<entry key="599" type="xstring" value="abu"/>
<entry key="600" type="xstring" value="dhabi"/>
<entry key="601" type="xstring" value="fa"/>
<entry key="602" type="xstring" value="mediocr"/>
<entry key="603" type="xstring" value="themselv"/>
<entry key="604" type="xstring" value="coach"/>
<entry key="605" type="xstring" value="plan"/>
<entry key="606" type="xstring" value="date"/>
<entry key="607" type="xstring" value="737-800"/>
<entry key="608" type="xstring" value="safeti"/>
<entry key="609" type="xstring" value="champagn"/>
<entry key="610" type="xstring" value="prompt"/>
<entry key="611" type="xstring" value="heathrow"/>
<entry key="612" type="xstring" value="tabl"/>
<entry key="613" type="xstring" value="easyjet"/>
<entry key="614" type="xstring" value="addit"/>
<entry key="615" type="xstring" value="mention"/>
<entry key="616" type="xstring" value="transit"/>
<entry key="617" type="xstring" value="ridicul"/>
<entry key="618" type="xstring" value="uk"/>
<entry key="619" type="xstring" value="status"/>
<entry key="620" type="xstring" value="march"/>
<entry key="621" type="xstring" value="ba"/>
<entry key="622" type="xstring" value="decent"/>
<entry key="623" type="xstring" value="inbound"/>
<entry key="624" type="xstring" value="prior"/>
<entry key="625" type="xstring" value="repres"/>
<entry key="626" type="xstring" value="juli"/>
<entry key="627" type="xstring" value="push"/>
<entry key="628" type="xstring" value="five"/>
<entry key="629" type="xstring" value="passport"/>
<entry key="630" type="xstring" value="half"/>
<entry key="631" type="xstring" value="entir"/>
<entry key="632" type="xstring" value="nightmar"/>
<entry key="633" type="xstring" value="shanghai"/>
<entry key="634" type="xstring" value="amaz"/>
<entry key="635" type="xstring" value="salad"/>
<entry key="636" type="xstring" value="origin"/>
<entry key="637" type="xstring" value="guess"/>
<entry key="638" type="xstring" value="june"/>
<entry key="639" type="xstring" value="do"/>
<entry key="640" type="xstring" value="gold"/>
<entry key="641" type="xstring" value="fresh"/>
<entry key="642" type="xstring" value="unfortun"/>
<entry key="643" type="xstring" value="suppos"/>
<entry key="644" type="xstring" value="requir"/>
<entry key="645" type="xstring" value="partner"/>
<entry key="646" type="xstring" value="fee"/>
<entry key="647" type="xstring" value="voucher"/>
<entry key="648" type="xstring" value="rebook"/>
<entry key="649" type="xstring" value="stress"/>
<entry key="650" type="xstring" value="regular"/>
<entry key="651" type="xstring" value="mayb"/>
<entry key="652" type="xstring" value="delta"/>
<entry key="653" type="xstring" value="euro"/>
<entry key="654" type="xstring" value="catch"/>
<entry key="655" type="xstring" value="joke"/>
<entry key="656" type="xstring" value="answer"/>
<entry key="657" type="xstring" value="mean"/>
<entry key="658" type="xstring" value="credit"/>
<entry key="659" type="xstring" value="vacat"/>
<entry key="660" type="xstring" value="unless"/>
<entry key="661" type="xstring" value="thank"/>
<entry key="662" type="xstring" value="bare"/>
<entry key="663" type="xstring" value="rush"/>
<entry key="664" type="xstring" value="prepar"/>
<entry key="665" type="xstring" value="wo"/>
<entry key="666" type="xstring" value="kid"/>
<entry key="667" type="xstring" value="huge"/>
<entry key="668" type="xstring" value="make"/>
<entry key="669" type="xstring" value="cathay"/>
<entry key="670" type="xstring" value="anyway"/>
<entry key="671" type="xstring" value="qanta"/>
<entry key="672" type="xstring" value="feb"/>
<entry key="673" type="xstring" value="ice"/>
<entry key="674" type="xstring" value="horribl"/>
<entry key="675" type="xstring" value="lie"/>
<entry key="676" type="xstring" value="floor"/>
<entry key="677" type="xstring" value="jetstar"/>
<entry key="678" type="xstring" value="asia"/>
<entry key="679" type="xstring" value="australia"/>
<entry key="680" type="xstring" value="set"/>
<entry key="681" type="xstring" value="throughout"/>
<entry key="682" type="xstring" value="brought"/>
<entry key="683" type="xstring" value="onto"/>
<entry key="684" type="xstring" value="san"/>
<entry key="685" type="xstring" value="encount"/>
<entry key="686" type="xstring" value="on-tim"/>
<entry key="687" type="xstring" value="red"/>
<entry key="688" type="xstring" value="video"/>
<entry key="689" type="xstring" value="unit"/>
<entry key="690" type="xstring" value="aa"/>
<entry key="691" type="xstring" value="chicago"/>
<entry key="692" type="xstring" value="advis"/>
<entry key="693" type="xstring" value="rome"/>
<entry key="694" type="xstring" value="bed"/>
<entry key="695" type="xstring" value="flat"/>
<entry key="696" type="xstring" value="sydney"/>
<entry key="697" type="xstring" value="brisban"/>
<entry key="698" type="xstring" value="holiday"/>
<entry key="699" type="xstring" value="concern"/>
<entry key="700" type="xstring" value="fit"/>
<entry key="701" type="xstring" value="appal"/>
<entry key="702" type="xstring" value="none"/>
<entry key="703" type="xstring" value="locat"/>
<entry key="704" type="xstring" value="competit"/>
<entry key="705" type="xstring" value="stuck"/>
<entry key="706" type="xstring" value="amount"/>
<entry key="707" type="xstring" value="etihad"/>
<entry key="708" type="xstring" value="son"/>
<entry key="709" type="xstring" value="lax"/>
<entry key="710" type="xstring" value="dublin"/>
<entry key="711" type="xstring" value="dubai"/>
<entry key="712" type="xstring" value="unhelp"/>
<entry key="713" type="xstring" value="york"/>
<entry key="714" type="xstring" value="jfk"/>
<entry key="715" type="xstring" value="chose"/>
<entry key="716" type="xstring" value="1st"/>
<entry key="717" type="xstring" value="music"/>
<entry key="718" type="xstring" value="budget"/>
<entry key="719" type="xstring" value="inconveni"/>
<entry key="720" type="xstring" value="altern"/>
<entry key="721" type="xstring" value="confirm"/>
<entry key="722" type="xstring" value="septemb"/>
<entry key="723" type="xstring" value="fix"/>
<entry key="724" type="xstring" value="assist"/>
<entry key="725" type="xstring" value="dec"/>
<entry key="726" type="xstring" value="overnight"/>
<entry key="727" type="xstring" value="punctual"/>
<entry key="728" type="xstring" value="hassl"/>
<entry key="729" type="xstring" value="bkk"/>
<entry key="730" type="xstring" value="beer"/>
<entry key="731" type="xstring" value="exact"/>
<entry key="732" type="xstring" value="phone"/>
<entry key="733" type="xstring" value="question"/>
<entry key="734" type="xstring" value="simpli"/>
<entry key="735" type="xstring" value="thai"/>
<entry key="736" type="xstring" value="refund"/>
<entry key="737" type="xstring" value="save"/>
<entry key="738" type="xstring" value="begin"/>
<entry key="739" type="xstring" value="gone"/>
<entry key="740" type="xstring" value="treat"/>
<entry key="741" type="xstring" value="ran"/>
<entry key="742" type="xstring" value="husband"/>
<entry key="743" type="xstring" value="mechan"/>
<entry key="744" type="xstring" value="yes"/>
<entry key="745" type="xstring" value="layov"/>
<entry key="746" type="xstring" value="flyer"/>
<entry key="747" type="xstring" value="attempt"/>
<entry key="748" type="xstring" value="experienc"/>
<entry key="749" type="xstring" value="compens"/>
<entry key="750" type="xstring" value="delhi"/>
<entry key="751" type="xstring" value="vegetarian"/>
<entry key="752" type="xstring" value="slept"/>
<entry key="753" type="xstring" value="dish"/>
<entry key="754" type="xstring" value="canada"/>
<entry key="755" type="xstring" value="jan"/>
<entry key="756" type="xstring" value="spirit"/>
<entry key="757" type="xstring" value="facil"/>
<entry key="758" type="xstring" value="orlando"/>
<entry key="759" type="xstring" value="like"/>
<entry key="760" type="xstring" value="american"/>
<entry key="761" type="xstring" value="heard"/>
<entry key="762" type="xstring" value="lucki"/>
<entry key="763" type="xstring" value="constant"/>
<entry key="764" type="xstring" value="switch"/>
<entry key="765" type="xstring" value="say"/>
<entry key="766" type="xstring" value="weight"/>
<entry key="767" type="xstring" value="daughter"/>
<entry key="768" type="xstring" value="unaccept"/>
<entry key="769" type="xstring" value="pm"/>
<entry key="770" type="xstring" value="virgin"/>
<entry key="771" type="xstring" value="stretch"/>
<entry key="772" type="xstring" value="decemb"/>
<entry key="773" type="xstring" value="bathroom"/>
<entry key="774" type="xstring" value="worri"/>
<entry key="775" type="xstring" value="las"/>
<entry key="776" type="xstring" value="vega"/>
<entry key="777" type="xstring" value="frustrat"/>
<entry key="778" type="xstring" value="shame"/>
<entry key="779" type="xstring" value="employe"/>
<entry key="780" type="xstring" value="madrid"/>
<entry key="781" type="xstring" value="roug"/>
</config>
</config>
</config>
