
{
    "type":"object",
    "properties":{
        "Output-361":{
            "type":"array",
            "items":{
                "type":"object",
                "properties":{
                    "Prediction (Document class) (Confidence)":{
                        "type":"number",
                        "default":0.7526856112217033
                    },
                    "Prediction (Sentiment)":{
                        "type":"string",
                        "default":"Negative"
                    }
                }
            },
            "description":"",
            "example":[
                {
                    "Prediction (Document class) (Confidence)":0.7526856112217033,
                    "Prediction (Sentiment)":"Negative"
                },
                {
                    "Prediction (Document class) (Confidence)":0.716930368994336,
                    "Prediction (Sentiment)":"Positive"
                }
            ]
        }
    }
}